{
  "version": 1,
  "author": "Anonymous maker",
  "editor": "wokwi",
  "parts": [
    { "type": "wokwi-breadboard", "id": "bb1", "top": 6.6, "left": -131.6, "attrs": {} },
    { "type": "board-esp32-devkit-c-v4", "id": "esp", "top": 0, "left": 264.04, "attrs": {} },
    { "type": "wokwi-led", "id": "led1", "top": 15.6, "left": 61.4, "attrs": { "color": "red" } },
    {
      "type": "wokwi-buzzer",
      "id": "bz1",
      "top": -26.4,
      "left": -75,
      "attrs": { "volume": "0.1" }
    },
    {
      "type": "wokwi-resistor",
      "id": "r1",
      "top": 61.55,
      "left": 86.4,
      "attrs": { "value": "1000" }
    },
    {
      "type": "wokwi-resistor",
      "id": "r2",
      "top": 61.55,
      "left": -38.4,
      "attrs": { "value": "1000" }
    }
  ],
  "connections": [
    [ "esp:TX", "$serialMonitor:RX", "", [] ],
    [ "esp:RX", "$serialMonitor:TX", "", [] ],
    [ "esp:0", "bb1:50b.i", "", [ "$bb" ] ],
    [ "esp:2", "bb1:50b.j", "", [ "$bb" ] ],
    [ "esp:4", "bb1:50b.h", "", [ "$bb" ] ],
    [ "esp:12", "bb1:40b.h", "", [ "$bb" ] ],
    [ "esp:13", "bb1:40b.j", "", [ "$bb" ] ],
    [ "esp:14", "bb1:40b.g", "", [ "$bb" ] ],
    [ "esp:16", "bb1:50b.g", "", [ "$bb" ] ],
    [ "esp:17", "bb1:50b.f", "", [ "$bb" ] ],
    [ "esp:19", "bb1:50t.e", "", [ "$bb" ] ],
    [ "esp:21", "bb1:50t.c", "", [ "$bb" ] ],
    [ "esp:27", "bb1:40b.f", "", [ "$bb" ] ],
    [ "esp:32", "bb1:40t.d", "", [ "$bb" ] ],
    [ "esp:33", "bb1:40t.e", "", [ "$bb" ] ],
    [ "esp:34", "bb1:40t.b", "", [ "$bb" ] ],
    [ "esp:35", "bb1:40t.c", "", [ "$bb" ] ],
    [ "esp:3V3", "bb1:tn.32", "", [ "$bb" ] ],
    [ "esp:VN", "bb1:40t.a", "", [ "$bb" ] ],
    [ "esp:GND.1", "bb1:40b.i", "", [ "$bb" ] ],
    [ "esp:CMD", "bb1:bp.32", "", [ "$bb" ] ],
    [ "esp:5V", "bb1:bn.32", "", [ "$bb" ] ],
    [ "esp:TX", "bb1:50t.a", "", [ "$bb" ] ],
    [ "esp:RX", "bb1:50t.b", "", [ "$bb" ] ],
    [ "esp:GND.3", "bb1:50t.d", "", [ "$bb" ] ],
    [ "led1:A", "bb1:21t.a", "", [ "$bb" ] ],
    [ "led1:C", "bb1:20t.a", "", [ "$bb" ] ],
    [ "bz1:1", "bb1:7t.a", "", [ "$bb" ] ],
    [ "bz1:2", "bb1:8t.a", "", [ "$bb" ] ],
    [ "r1:1", "bb1:21t.b", "", [ "$bb" ] ],
    [ "r1:2", "bb1:27t.b", "", [ "$bb" ] ],
    [ "r2:1", "bb1:8t.b", "", [ "$bb" ] ],
    [ "r2:2", "bb1:14t.b", "", [ "$bb" ] ],
    [ "bb1:27t.c", "esp:D2", "green", [ "v0" ] ],
    [ "r2:2", "esp:15", "green", [ "v182.4", "h325.2" ] ],
    [ "led1:C", "esp:GND.2", "green", [ "v0" ] ],
    [ "esp:CMD", "bb1:bp.31", "green", [ "h0" ] ],
    [ "bz1:1", "esp:GND.1", "green", [ "v0" ] ]
  ],
  "dependencies": {}
}